Código Incidencia;Fecha Apertura;Descripción problema;Impacto Remedy;Sistema;JIRA;DELIV;Descripción Proyecto;Acciones;Status;Fecha Prevista;Motivo Resolución;Peticionario;Computar;Despliegue;Segmento;Tipo solucion
INC000004003024;26-abr;[2026R4] - TEIDE SIM SIN PIN NO DEJA CONTINUAR;3-Medio;TEIDE_OSP_Soporte_Tecnico;#N/D;;;;Cerrada;26-abr;Cancelado No Aplica;TyD_PRUEBAS_PROD;SI;PAP;ORANGE;Cancelado No Aplica
INC000004002774;26-abr;[2026R4] - [PRJ-10523] No deja modificar el producto en CRM B2B;3-Medio;SOP_CRMB2B;"CRMBOP-2523 [ Done / Done ] 
";;PRJ-10523 Óptima Plus Empresas SVA 5G SA Slicing;;Cerrada;26-abr;RL-Error Datos Configuracion/Parametros;TyD_PRUEBAS_PROD;SI;PAP;ORANGE;RL-Error Datos Configuracion/Parametros
INC000004002873;26-abr;[2026R4][PRJ-10966] CRMB2B - No permite relacionar pedido con la interacción;3-Medio;SOP_CRMB2B;"CRMBOP-2524 [ Done / Done ] 
";;PRJ-10966 Escalado Tipificaciones SAC Pyme;;Cerrada;26-abr;RL-Error Datos Configuracion/Parametros;TyD_PRUEBAS_PROD;SI;PAP;ORANGE;RL-Error Datos Configuracion/Parametros
INC000004002776;26-abr;[2026R4] - [PRJ-10365] - ACME WEB - Error al guardar correo con caracteres especiales.;3-Medio;Tecnologia;"MICRO-73685 [ Cancelled / Won't Do ] 
INTEPS-29810 [ Done / Done ] 
";;PRJ-10365 Solución a incidencia para modificar direcciones de correo electrónico ;;Cerrada;26-abr;RL-Error Datos Configuracion/Parametros;TyD_PRUEBAS_PROD;SI;PAP;ORANGE;RL-Error Datos Configuracion/Parametros
INC000004002879;26-abr;[2026R4] - PRJ-10966 - Vista360 - No muestra las interacciones creadas en CRMB2B;3-Medio;SOP_VISTA360;"VISTA360-1241 [ Test /  ] 
";;PRJ-10966 Escalado Tipificaciones SAC Pyme;;Cerrada;26-abr;RL-Error Datos Configuracion/Parametros;TyD_PRUEBAS_PROD;SI;PAP;ORANGE;RL-Error Datos Configuracion/Parametros
INC000004002783;26-abr;[2026R4] - [Regresion] - AURORA -Error de traduccion de Componente en cambio de tarifa;3-Medio;SOP_CRMB2B;"CRMBOP-2526 [ To Do /  ] 
";;REGRESION;;Cerrada;26-abr;Cancelado No Aplica;TyD_PRUEBAS_PROD;SI;PAP;ORANGE;Cancelado No Aplica
INC000004002787;26-abr;[2026R4] - [REGRESION ACME WEB] ERROR AL CONTRATAR BENEFICIO;3-Medio;SOP_TMC_ACME;#N/D;;REGRESION;;Cerrada;26-abr;Acción correctora temporal;TyD_PRUEBAS_PROD;SI;PAP;ORANGE;Acción correctora temporal
INC000004002882;26-abr;[2026R4] - [PRJ-10523] Time out en BSCS al enviar orden con Fast Track;3-Medio;SOP_CRMB2B;"CRMBOP-2527 [ Cancelled / Won't Do ] 
INTEPS-29815 [ Cancelled / Won't Do ] 
CRMBOP-2528 [ Cancelled / Won't Do ] 
";;PRJ-10523 Óptima Plus Empresas SVA 5G SA Slicing;apertura puertos;Cerrada;26-abr;Cancelado No Aplica;TyD_PRUEBAS_PROD;SI;PAP;ORANGE;Cancelado No Aplica
INC000004003038;26-abr;"[2026R4] [PRJ-10733 GEMINI] - FICHA - Error en ""C.Soluciones""";3-Medio;DES_SOE_FICHA;"INTEPS-29814 [ To Do /  ] 
KRATOS-25168 [ Cancelled / Won't Do ] 
FRONTRE-45800 [ Cancelled / Won't Do ] 
MICRO-73691 [ Cancelled / Won't Do ] 
FDCOSP-2101 [ Cancelled / Won't Do ] 
";;PRJ-10733 SVA Gemini AI;;Cerrada;26-abr;RL-Error Datos Configuracion/Parametros;TyD_PRUEBAS_PROD;SI;PAP;ORANGE;RL-Error Datos Configuracion/Parametros
INC000004002884;26-abr;[2026R4] - [PRJ-10982] - PANGEA Fibra ORO. Botón seguir comprando en carrito lleva al DB Cliente;3-Medio;DES_SOE_PANGEA;"PANOSP-2158 [ Cancelled / Won't Do ] 
";;PRJ-10982 Fibra Oro en B2C_Orange;;Cerrada;26-abr;Cancelado No Aplica;TyD_PRUEBAS_PROD;SI;PAP;ORANGE;Cancelado No Aplica
INC000004002888;26-abr;[2026R4] - [PRJ-11085] - PANGEA - Se asocia CP de 18 meses en lugar de 24 meses;3-Medio;DES_SOE_PANGEA;"PANOSP-2160 [ Cancelled / Won't Do ] 
FRONTMC-37425 [ Cancelled / Won't Do ] 
";;PRJ-10982 Fibra Oro en B2C_Orange;;Cerrada;26-abr;Cancelado No Aplica;TyD_PRUEBAS_PROD;SI;PAP;ORANGE;Cancelado No Aplica
INC000004002881;26-abr;[2026R4] -SIRES - NO LLEGA COMUNICACION FIBRA ORO;3-Medio;SOP_ONURIS;#N/D;;PRJ-10982 Fibra Oro en B2C_Orange;;Cerrada;26-abr;Cancelado No Aplica;TyD_PRUEBAS_PROD;SI;PAP;ORANGE;Cancelado No Aplica
INC000004003236;26-abr;[2026R4] - ORDEN ALTA FIBRA ORO EN ERROR;3-Medio;Soporte_CRM_SGF_LOCAL;#N/D;;PRJ-10982 Fibra Oro en B2C_Orange;;Cerrada;26-abr;Cancelado No Aplica;TyD_PRUEBAS_PROD;SI;PAP;ORANGE;Cancelado No Aplica
INC000004002890;26-abr;"[2026R4][PRJ-11608] - PANGEA - No se muestra la pestaña ""Servicios de Terceros""";3-Medio;DES_SOE_PANGEA;"PANOSP-2162 [ Cancelled / Won't Do ] 
FRONTRE-45807 [ Cancelled / Won't Do ] 
";;PRJ-11608 Fase II - Tienda de APPs;;Cerrada;26-abr;Cancelado No Aplica;TyD_PRUEBAS_PROD;SI;PAP;ORANGE;Cancelado No Aplica
INC000004003043;26-abr;"[2026R4][PRJ-11608] - PANGEA - No se muestran las aplicaciones en ""Tienda de APPs""";3-Medio;DES_SOE_PANGEA;"INTEPS-29817 [ Cancelled / Won't Do ] 
PANOSP-2163 [ Cancelled / Won't Do ] 
FRONTRE-45805 [ Cancelled / Won't Do ] 
PANOSP-2165 [ Cancelled / Won't Do ] 
";;PRJ-11608 Fase II - Tienda de APPs;;Cerrada;26-abr;Cancelado No Aplica;TyD_PRUEBAS_PROD;SI;PAP;ORANGE;Cancelado No Aplica
INC000004003228;26-abr;[2026R4] - [REGRESION FdC] - Error en la Validación del TOKEN en SIM Principal;3-Medio;DES_SOE_FICHA;"FRONTRE-45798 [ To Do /  ] 
FDCOSP-2099 [ Cancelled / Won't Do ] 
";;REGRESION;;Cerrada;26-abr;Resuelto sin Intervencion;TyD_PRUEBAS_PROD;SI;PAP;ORANGE;Resuelto sin Intervencion
INC000004003248;26-abr;"[2026R4] [Regresión Pangea] - Un alta solo fijo se queda en estado ""Pendiente"" en Teide";3-Medio;TEIDE_OSP_Soporte_Tecnico;"FRONTCO-60909 [ Cancelled / Won't Do ] 
PANOSP-2168 [ Cancelled / Won't Do ] 
MICRO-73693 [ Cancelled / Won't Do ] 
INTEPS-29822 [ Done / Done ] 
";;REGRESION;;Cerrada;26-abr;RL-Servicio/Elemento Caído;USU_UATS_SAC;SI;PAP;ORANGE;RL-Servicio/Elemento Caído
INC000004003025;26-abr;[2026R4] - [REGRESIÓN FICHA] - Orden de migración PRE-CONVERGENTE en error.;3-Medio;TEIDE_OSP_Soporte_Tecnico;"FDCOSP-2097 [ Cancelled / Won't Do ] 
MICRO-73686 [ Cancelled / Won't Do ] 
FRONTCO-60906 [ Cancelled / Won't Do ] 
MICRO-73683 [ Cancelled / Won't Do ] 
INTEPS-29808 [ Cancelled / Won't Do ] 
MICRO-73687 [ Cancelled / Won't Do ] 
INTEPS-29809 [ Cancelled / Won't Do ] 
";;REGRESION;;Cerrada;26-abr;RL-Servicio/Elemento Caído;TyD_PRUEBAS_PROD;SI;PAP;ORANGE;RL-Servicio/Elemento Caído
INC000004003244;26-abr;[2026R4]- REGRESION No se genera orden para reposicionar Presencia Digital tras pack roto;3-Medio;TEIDE_OSP_Soporte_Tecnico;#N/D;;REGRESION;;Cerrada;26-abr;RL-Servicio/Elemento Caído;TyD_PRUEBAS_PROD;SI;PAP;ORANGE;RL-Servicio/Elemento Caído
INC000004002871;26-abr;[2026R4][REGRESIÓN FICHA] - No avanza la orden de Pendiente a Enviada en TEIDE;3-Medio;TyD_PRUEBAS_PROD;"MICRO-73692 [ Cancelled / Won't Do ] 
INTEPS-29818 [ Done / Done ] 
";;REGRESION;;Cerrada;26-abr;Resuelto Administrativo;TyD_PRUEBAS_PROD;SI;PAP;ORANGE;Resuelto Administrativo
INC000004002788;26-abr;[2026R4] - [CRMb2b] Error Ordenes en vuelo al realizar cambio tarifa conecta pyme;3-Medio;SOP_CRMB2B;"CRMBOP-2525 [ Done / Done ] 
";;REGRESION;;Cerrada;26-abr;RL-Error Datos Configuracion/Parametros;TyD_PRUEBAS_PROD;SI;PAP;ORANGE;RL-Error Datos Configuracion/Parametros
INC000004003249;26-abr;[2026R4] - FICHA CLIENTE PRJ-10982 Fibra Oro - En FdC SAC no da tarifas ni fibra ORO;3-Medio;DES_SOE_FDCMM;"FICHACM-776 [ Done / Done ] 
";;PRJ-10982 Fibra Oro en B2C_Orange;;Cerrada;26-abr;Resuelto sin Intervencion;TyD_PRUEBAS_PROD;SI;PAP;JAZZTEL;Resuelto sin Intervencion
INC000004003227;26-abr;[2026R4] - [PRJ-10982] - PANGEA - Fibra ORO - Ha ocurrido un error al obtener las tarifas;3-Medio;DES_SOE_PANGEA;"PANOSP-2154 [ Done / Done ] 
";;PRJ-10982 Fibra Oro en B2C_Orange;;Cerrada;26-abr;Acción adicional innecesaria;TyD_PRUEBAS_PROD;SI;PAP;ORANGE;Acción adicional innecesaria
INC000004002894;26-abr;[2026R4] - PANGEA PRJ-10982 Fibra Oro - No permite seleccionar tipología de entrega;3-Medio;DES_SOE_PANGEA;"PANOSP-2166 [ Cancelled / Won't Do ] 
";;PRJ-10982 Fibra Oro en B2C_Orange;;Cerrada;26-abr;Cancelado No Aplica;TyD_PRUEBAS_PROD;SI;PAP;ORANGE;Cancelado No Aplica
INC000004003701;26-abr;[2026R4] - ORDEN TEIDE TLV ALTA FIBRA ORO EN ERROR;3-Medio;TEIDE_OSP_Soporte_Tecnico;#N/D;;PRJ-10982 Fibra Oro en B2C_Orange;;Cerrada;26-abr;Cancelado No Aplica;TyD_PRUEBAS_PROD;SI;PAP;ORANGE;Cancelado No Aplica
INC000004002895;26-abr;[2026R4] - PRJ-11085 - FdC MM - El botón tramitar abre una página en blanco;3-Medio;DES_SOE_FDCMM;"FICHACM-775 [ Cancelled / Won't Do ] 
FRONTMC-37428 [ Cancelled / Won't Do ] 
";;PRJ-11085 CONTRATACIÓN MULTIDISPOSITIVO VAP SOBRE LINEA FIJA JAZZTEL;;Cerrada;26-abr;Cancelado No Aplica;TyD_PRUEBAS_PROD;SI;PAP;JAZZTEL;Cancelado No Aplica
INC000004002777;26-abr;[2026R4] Subvenciones caducadas siguen mostrandose;2-Alta;SOP_KRATOS;#N/D;;PRJ-11085 CONTRATACIÓN MULTIDISPOSITIVO VAP SOBRE LINEA FIJA JAZZTEL;nueva carga en Atreus;Cerrada;26-abr;Cancelado No Aplica;DES_SOE_ATENAS;SI;PAP;ORANGE;Cancelado No Aplica
INC000004003231;26-abr;[2026R4] - PANGEA [Regresión Pangea] Error AVS-06 en checkout_extendidocidencia;3-Medio;DES_SOE_PANGEA;"INTEPS-29820 [ Cancelled / Won't Do ] 
PANOSP-2156 [ Cancelled / Won't Do ] 
PANOSP-2161 [ Cancelled / Won't Do ] 
FRONTCO-60907 [ Cancelled / Won't Do ] 
MICRO-73689 [ Cancelled / Won't Do ] 
PANOSP-2170 [ Done / Done ] 
";;REGRESION;;Cerrada;26-abr;Acción adicional innecesaria;USU_UATS_SAC;SI;PAP;ORANGE;Acción adicional innecesaria
INC000004002795;26-abr;[2026R4] - REGRESION MOVIL- Error al realizar cambio de MSISDN con la tarifa Mi Fijo;3-Medio;SOP_TMC_BSCS_ONLINE;#N/D;;REGRESION;;Cerrada;26-abr;Cancelado Duplicado;TyD_PRUEBAS_PROD;SI;PAP;ORANGE;Cancelado Duplicado
INC000004003029;26-abr;[2026R4] - EXCALIBUR TimeOuts EXCALIBUR;3-Medio;SOP_TMC_BOREAL;#N/D;;;Pdte instalacion;Cerrada;26-abr;RL-Error Datos Configuracion/Parametros;SOP_RESPONSABLE_SERVICIO;SI;PAP;ORANGE;RL-Error Datos Configuracion/Parametros
INC000004002775;26-abr;[2026R4] - MICROSERVICIOS - Error 500 signatureManagement;3-Medio;SOP_TURING_OSP;"MICRO-73682 [ Cancelled / Won't Do ] 
INTEPS-29807 [ Done / Done ] 
";;;;Cerrada;26-abr;Resuelto Administrativo;DES_SOE_ALTAMIRA;SI;PAP;ORANGE;Resuelto Administrativo
INC000004002883;26-abr;"[R2026R4] [Regresión Pangea] En CDT no aparece la opción ""mantén tu tarifa con modificación TV""";3-Medio;DES_SOE_PANGEA;"FRONTCO-60908 [ Cancelled / Won't Do ] 
PANOSP-2159 [ Cancelled / Won't Do ] 
";;REGRESION;;Cerrada;27-abr;Cancelado No Aplica;USU_UATS_SAC;SI;PAP;ORANGE;Cancelado No Aplica
INC000004003099;27-abr;[2026R4] - [PRJ-10523] No recibimos el SMS de bienvenida;3-Medio;Tecnologia;#N/D;;PRJ-10523 Óptima Plus Empresas SVA 5G SA Slicing;;Cerrada;27-abr;No detectada Incidencia;TyD_PRUEBAS_PROD;SI;MESA;ORANGE;No detectada Incidencia
INC000004004583;28-abr;[2026R4] - PRJ-10733 Orden de postventa contratando Google One Premium no llega a HERMES;3-Medio;SOP_SMC_TEIDE;#N/D;;PRJ-10733 SVA Gemini AI;;Cerrada;27-abr;Cancelado No Aplica;TyD_PRUEBAS_PROD;SI;MESA;ORANGE;Cancelado No Aplica
INC000004004344;27-abr;[2026R4] - NO LLEGA COMUNICACION ALTA FIBRA ORO RESI;3-Medio;Tecnologia;#N/D;;PRJ-10982 Fibra Oro en B2C_Orange;;Cerrada;26-abr;No detectada Incidencia;TyD_PRUEBAS_PROD;SI;MESA;ORANGE;No detectada Incidencia
INC000004002792;26-abr;[2026R4] - CRM4TELCO - CARGA DE DISPOSITIVO ACTIVACION EN CRM Apple Watch SE 3;3-Medio;SOP_RESPONSABLE_SERVICIO;#N/D;;PRJ-11085 CONTRATACIÓN MULTIDISPOSITIVO VAP SOBRE LINEA FIJA JAZZTEL;cerrado;Cerrada;27-abr;Resuelto sin Intervencion;PROC_CAD;SI;PAP;ORANGE;Resuelto sin Intervencion
INC000004002785;26-abr;"[2026R4] - Ordenes en error [EXT_GET_CONFIG_9030_OCCS-ACK(""ST002"",""RC1004"",""SHDES_OCC"",""OCCNK_CPC1""";3-Medio;SOP_TMC_BSCS_ONLINE;#N/D;;PRJ-11604 FASE 1 - Seguros MKP;correctivo aplicado;Cerrada;27-abr;RL-Error de Código;SOP_SMC_BOREAL;SI;PAP;ORANGE;RL-Error de Código
INC000004003247;26-abr;[2026R4] - Tienda SOL - PANGEA - No permite finalizar duplicados de SIM;3-Medio;DES_SOE_PANGEA;"PANOSP-2167 [ Cancelled / Won't Do ] 
FRONTRE-45808 [ Cancelled / Won't Do ] 
";;REGRESION;;Cerrada;26-abr;RL-Error de Código;SOP_CS_INYEC_E2E;SI;PAP;ORANGE;RL-Error de Código
INC000004003795;27-abr;[2026R4] CRM // TLP MEDELLIN // FUNCIONAL;4-Baja;CEP CAU AGI;#N/D;;;No se puede activar los bonos ilimitados mientras se realiza la logistica del equipo, se utiliza como opción para que el cliente no se quede sin internet.;Cerrada;27-abr;Resuelto sin Intervencion;ATC_MADRID_MASIVO;SI;MESA;ORANGE;Resuelto sin Intervencion
INC000004002887;26-abr;[2026R4] [PRJ-10365 MODIFICACIÓN EMAIL] - FICHA - No permite guardar email notiene@orange.com;3-Medio;Tecnologia;"INTEPS-29828 [ To Do /  ] 
FDCOSP-2100 [ Cancelled / Won't Do ] 
FRONTRE-45803 [ Cancelled / Won't Do ] 
MICRO-73707 [ Cancelled / Won't Do ] 
";;PRJ-10365 Solución a incidencia para modificar direcciones de correo electrónico ;"28/04: Se aportan nuevas evidencias del error.
27/04: Resolución: Relacionada con INC000004002776
Se puede aplicar WA hasta resolucion.";Cerrada;28-abr;RL-Error Datos Configuracion/Parametros;TyD_PRUEBAS_PROD;SI;PAP;ORANGE;RL-Error Datos Configuracion/Parametros
INC000004003230;26-abr;[2026R4] - TEIDE - PRJ-10365 NO ENVIA VPT NI LLEGA A HERMES;3-Medio;TEIDE_OSP_Soporte_Tecnico;#N/D;;PRJ-10365 Solución a incidencia para modificar direcciones de correo electrónico ;"Resolución: Error ""formato Email no valido"". No acepta el formato de email ""mtp-123@prueba.es""";Cerrada;26-abr;Cancelado No Aplica;TyD_PRUEBAS_PROD;SI;PAP;ORANGE;Cancelado No Aplica
INC000004003755;27-abr;[2026R4] - PRJ-10523 - Error al visualizar Trafico priorizado en gestón de línea - Contratado;3-Medio;DES_SOE_PAE;"PAEOSP-31161 [ Done / Done ] 
";;PRJ-10523 Óptima Plus Empresas SVA 5G SA Slicing;pdte correctivo;Cerrada;29-abr;RL-Error de Código;TyD_PRUEBAS_PROD;SI;MESA;ORANGE;RL-Error de Código
INC000004002778;26-abr;[2026R4] - PRJ-11085 - CONTRATACIÓN MULTIDISPOSITIVO VAP SOBRE LINEA FIJA JAZZTEL;3-Medio;SOP_BSS_JAZZTEL;#N/D;;PRJ-11085 CONTRATACIÓN MULTIDISPOSITIVO VAP SOBRE LINEA FIJA JAZZTEL;correctivo aplicado;Cerrada;27-abr;RL-Error de Código;PROC_CAD;SI;PAP;JAZZTEL;RL-Error de Código
INC000004005026;28-abr;[2026R4] - [PRJ-10365] - No permite modificar datos personales en postventa - PANGEA;3-Medio;DES_SOE_PANGEA;"FRONTRE-45814 [ Cancelled / Won't Do ] 
PANOSP-2171 [ Cancelled / Won't Do ] 
";;PRJ-10365 Solución a incidencia para modificar direcciones de correo electrónico ;Resolución: primero hay que pasar el KYC, en la captura se ve perfectamente que está el botón de Documentación habilitado, una vez que se pasa el KYC, se habilitan los lapiceros para modificar los datos y posteriormente pasar la firma digital;Cerrada;29-abr;Cancelado No Aplica;TyD_PRUEBAS_PROD;SI;MESA;ORANGE;Cancelado No Aplica
INC000004005871;28-abr;[2026R4] - PRJ-10636 Mi DNI - Jazztel - Error de QR permite continuar con el flujo;3-Medio;DES_SOE_PANGEA;"FRONTMC-37445 [ Cancelled / Won't Do ] 
PANOSP-2174 [ Cancelled / Won't Do ] 
PANOSP-2176 [ Cancelled / Won't Do ] 
FRONTMC-37447 [ Cancelled / Won't Do ] 
";;PRJ-10636 Mi DNI - Proyecto de Adecuación del Tratamiento del DNI;;Cerrada;28-abr;Cancelado No Aplica;TyD_PRUEBAS_PROD;SI;MESA;ORANGE;Cancelado No Aplica
INC000004002779;26-abr;[2026R4] - PANGEA - PRJ-10636 Mi DNI - Valida correctamente pero luego no pasa scoring;3-Medio;TyD_PRUEBAS_PROD;"INTEPS-29821 [ To Do /  ] 
PANOSP-2169 [ Cancelled / Won't Do ] 
PANOSP-2164 [ Cancelled / Won't Do ] 
INTEPS-29819 [ Cancelled / Won't Do ] 
PANOSP-2155 [ Cancelled / Won't Do ] 
FRONTMC-37427 [ Cancelled / Won't Do ] 
FRONTMC-37424 [ Cancelled / Won't Do ] 
INTEPS-29816 [ Cancelled / Won't Do ] 
";;PRJ-10636 Mi DNI - Proyecto de Adecuación del Tratamiento del DNI;bloqueada la cuenta bancaria del recurso de prueba;Cerrada;26-abr;Disponen de herramientas para solución;TyD_PRUEBAS_PROD;SI;PAP;ORANGE;Disponen de herramientas para solución
INC000004003752;27-abr;[2026R4] - PRJ-10966 - CRMB2B - Error escalado a EPSILON;3-Medio;SOP_CRMB2B;"CRMBOP-2532 [ Done / Done ] 
";;PRJ-10966 Escalado Tipificaciones SAC Pyme;Pdt GGCC -> CRQ000000181371;Cerrada;29-abr;RL-Error de Código;TyD_PRUEBAS_PROD;SI;MESA;ORANGE;RL-Error de Código
INC000004002790;26-abr;[2026R4] - [PRJ-11065] Fase 3 Decomision OTs - Error al Crear Orden de Servicio en Ficha MM;3-Medio;DES_CRM4T;"FICHACM-774 [ Cancelled / Won't Do ] 
FRONTMC-37426 [ Cancelled / Won't Do ] 
INTEPS-29813 [ Done / Done ] 
";;PRJ-11065 Fase 3. Decomision OTs - Órdenes de posventa;"27/04: Rechazada solución: Probamos de nuevo con mismo recurso OJAZ00028 y sigue dando el mismo error
26/04: correctivo aplicaco";Cerrada;29-abr;RL-Error de Código;TyD_PRUEBAS_PROD;SI;PAP;ORANGE;RL-Error de Código
INC000004003095;27-abr;[2026R4] - PRJ-10966 - CRMB2B - Cita creada en REMEDY no aparece en el caso;3-Medio;SOP_CRMB2B;"CRMBOP-2533 [ Done / Done ] 
";;PRJ-10966 Escalado Tipificaciones SAC Pyme;Pdt GGCC -> CRQ000000181370;Cerrada;29-abr;RL-Error de Código;TyD_PRUEBAS_PROD;SI;MESA;JAZZTEL;RL-Error de Código
INC000004005078;28-abr;[2026R4] - PRJ-11212 FASE 2 PRJ-10764 Error al recuperar CdV en TURING;4-Baja;FRONTOFFICE;#N/D;;PRJ-11212 Fase 2 PRJ-10764 MPV1: Eliminación Web de Comprobantes;"29/04: se aportan nuevas evidencias
28/04: Resolución: Se parametriza correctamente la url del servicio";Cerrada;28-abr;Resuelto CAU;TyD_PRUEBAS_PROD;SI;MESA;ORANGE;Resuelto CAU
INC000004006629;29-abr;[2026R4] - [PRJ-10365 MODIFICACIÓN EMAIL] - No permite guardar email notiene@orange.com;3-Medio;DES_SOE_PANGEA;"PANOSP-2175 [ Cancelled / Won't Do ] 
FRONTRE-45818 [ Cancelled / Won't Do ] 
";;PRJ-10365 Solución a incidencia para modificar direcciones de correo electrónico ;correo en black list;Cerrada;29-abr;Futura mejora;TyD_PRUEBAS_PROD;SI;MESA;ORANGE;Futura mejora
INC000004004216;27-abr;[2026R4] PRJ-10636 Problemas captura QR;3-Medio;Econtrato_N2;#N/D;;PRJ-10636 Mi DNI - Proyecto de Adecuación del Tratamiento del DNI;Resolución: Por favor abran diferentes incidencias según el error reportado.;Cerrada;26-abr;;SOP_VERIDAS;SI;MESA;ORANGE;
INC000004002876;26-abr;[2026R4] - TEIDE - S7 BONO MENSUAL NOMBRE INCORRECTO;3-Medio;SOP_TMC_OCS;#N/D;;PRJ-10982 Fibra Oro en B2C_Orange;esde OCS vemos que las trazas indicadas son correctas y se devuelve la información de acuerdo a lo acordado en el proyecto, DPS (ID JIRA: DOCDLV-23241;Cerrada;04-may;Resuelto Administrativo;TyD_PRUEBAS_PROD;SI;PAP;ORANGE;Resuelto Administrativo
INC000004004301;27-abr;[2026R4] CRM // BOGOTA // FUNCIONAL;4-Baja;CEP CAU AGI;#N/D;;PRJ-11085 CONTRATACIÓN MULTIDISPOSITIVO VAP SOBRE LINEA FIJA JAZZTEL;No permite avanzar solicitud de traslado en clientes que solo tiene contratados dispositivos en la opción de venta a plazos secundario;Cerrada;29-abr;Acción correctora temporal;MESA DE AYUDA COLOMBIA;SI;MESA;ORANGE;Acción correctora temporal
INC000004004235;27-abr;[2026R4] - PRJ-10636 Problemas captura QR - webcam;3-Medio;Econtrato_N2;#N/D;;PRJ-10636 Mi DNI - Proyecto de Adecuación del Tratamiento del DNI;pueden facilitarnos información sobre la resolución de la cámara utilizada;Cerrada;28-abr;Usuario. Pendiente Información;SOP_VERIDAS;SI;MESA;ORANGE;Usuario. Pendiente Información
INC000004004256;27-abr;[2026R4] - MiDNI - No se guardan imágenes de los rechazos;3-Medio;Econtrato_N3;#N/D;;PRJ-10636 Mi DNI - Proyecto de Adecuación del Tratamiento del DNI;Pendiente de PaP CRQ000000181444 planificado para el 28/04/2026 23h00;Cerrada;29-abr;Gestión de Cambios;SOP_VERIDAS;SI;MESA;ORANGE;Gestión de Cambios
INC000004004501;27-abr;[2026R4] - PRJ-10636 Problemas captura QR (retardo en envío respuesta a Pangea);3-Medio;Econtrato_N3;#N/D;;PRJ-10636 Mi DNI - Proyecto de Adecuación del Tratamiento del DNI;Pendiente de PaP CRQ000000181444 planificado para el 28/04/2026 23h00;Cerrada;29-abr;Gestión de Cambios;SOP_VERIDAS;SI;MESA;ORANGE;Gestión de Cambios
INC000004004610;27-abr;[2026R4] - PRJ-10733 No se recibe comunicación de alta del SVA Google One Premium (2 TB + IA);3-Medio;SOP_ONURIS;#N/D;;PRJ-10733 SVA Gemini AI;GAP en análisis;Cerrada;27-abr;Cancelado No Aplica;TyD_PRUEBAS_PROD;SI;MESA;ORANGE;Cancelado No Aplica
INC000004004987;28-abr;[2026R4] - Gemini AI - No se recibe la comunicacion del Alta del producto Google IA PRO;3-Medio;SOP_TMC_EXCALIBUR;#N/D;;PRJ-10733 SVA Gemini AI;Resolución: Durante el envio del evento de alta hubo un error de conectividad, podeis repetir la prueba?;Cerrada;29-abr;;DES_SOE_FICHA;SI;MESA;ORANGE;
INC000004004913;27-abr;[2026R4] FdC no está enviando el parametro fibraOro a PROMETHEUS;2-Alta;DES_SOE_FICHA;"FDCOSP-2106 [ Cancelled / Won't Do ] 
FRONTRE-45811 [ Done / Done ] 
";;PRJ-10982 Fibra Oro en B2C_Orange;contribucion;Cerrada;29-abr;PR;Soporte CCA;SI;MESA;ORANGE;PR
INC000004003034;26-abr;[2026R4] - PANGEA No carga el modulo de Alarmas ni en Ficha ni en Pangea.;3-Medio;DES_SOE_PANGEA;"PANOSP-2157 [ Cancelled / Won't Do ] 
FRONTRE-45799 [ Done / Done ] 
";;PRJ-11026 Orange Alarmas con SD;;Cerrada;29-abr;PR;CdF_Gest_Riesgo-Calidad_Fact;SI;PAP;JAZZTEL;PR
INC000004002869;26-abr;[2026R4] - [REGRESION FdC] - Error en el mensaje al cargar datos Incidencias Técnicas;3-Medio;DES_SOE_FICHA;"FRONTRE-45806 [ To Do /  ] 
MICRO-73690 [ Cancelled / Won't Do ] 
MICRO-73688 [ Cancelled / Won't Do ] 
INTEPS-29812 [ Cancelled / Won't Do ] 
MICRO-73684 [ Cancelled / Won't Do ] 
INTEPS-29811 [ Cancelled / Won't Do ] 
FDCOSP-2098 [ Cancelled / Won't Do ] 
FDCOSP-2102 [ Cancelled / Won't Do ] 
FRONTRE-45797 [ Cancelled / Won't Do ] 
";;REGRESION;06/05: Se aportan nuevos casos de error;Cerrada;06-may;Acción adicional innecesaria;TyD_PRUEBAS_PROD;SI;PAP;ORANGE;Acción adicional innecesaria
INC000004003749;27-abr;[2026R4] - PRJ-10966 - CRMB2B - Error escalado a OCEANE;3-Medio;SOP_SERV_POSTPRODUCCION;"INTEPS-29850 [ To Do /  ] 
CRMBOP-2531 [ Cancelled / Won't Do ] 
";;PRJ-10966 Escalado Tipificaciones SAC Pyme;[OPIT-889641] PRJ-10966 - Error en MasTicketing al crear ticket en Oceane - Jira Next;Cerrada;07-may;RL-Error Datos Configuracion/Parametros;TyD_PRUEBAS_PROD;SI;MESA;ORANGE;RL-Error Datos Configuracion/Parametros
INC000004004159;27-abr;[2026R4] PRJ-10982-FIBRA ORO EN B2C_ORANGE Home;4-Baja;SOP_SMC_TEIDE;"TEI-15002 [ Cancelled / Won't Do ] 
INTEPS-29837 [ Cancelled / Won't Do ] 
FDCOSP-2105 [ Cancelled / Won't Do ] 
FDCOSP-2103 [ Cancelled / Won't Do ] 
MICRO-73709 [ Cancelled / Won't Do ] 
FRONTCO-60911 [ Cancelled / Won't Do ] 
";;PRJ-10982 Fibra Oro en B2C_Orange;"04/05: se ha cambiado la campaña en la OT de mayo (4 de abril) y ahora se visualiza correctamente para Sfid de SAC, pero ha dejado de visualizarse para Sfid de Televenta. 
Es un tema de la campaña de OT en la que está configurado el equipo. Reabrir y revisar con OT y negocio. Adjunto usuarios de televenta:
mvinuesc --> usuario TLV inbound - 59140008 (el primero) 
avintlv3 - asignar sfid 19140602 - MADI
28/05: Resolución: Fibra Oro (soho) --> no hay incidencia
Fibra Oro en tu casa (resi) --> no hay OT para CC, solo para PDV (oftaci-997), TLV  (oftaci-1001) y online  (oftaci-999)
Se debe revisar por parte de negocio la OT que se pidió cargar
INCIDENICA: Ampliación de linea nueva numeración con tarifa Fibra Oro en casa, se seleciona la tarifa y al añadir dispositivo no aparece el MiFi: Airbox 4G MW45 negro.";Cerrada;04-may;;Integraciones;SI;MESA;ORANGE;
INC000004016352;11-may;[2026R4]ARETJAZZ-4713 Pedido SIM + VAP en EQRCH que no ha finalizado. 199648373;3-Medio;DES_CRM4T;#N/D;;ARTJAZZ-4713;;En Análisis;;;PROC_DAC;NO;MESA;ORANGE;
INC000004012856;06-may;[2026R4] [PRJ-10636] En el bucket mo-econtrato-prod fichero dois no viene campos nuevos midni;4-Baja;FRONTOFFICE;#N/D;;PRJ-10636 Mi DNI - Proyecto de Adecuación del Tratamiento del DNI;Tras revisar el fichero de esta noche se comprueba que el nuevo campo va incluido en la posición 28.;Resuelto;07-may;Resuelto CAU;Integraciones;NO;MESA;ORANGE;Resuelto CAU
INC000004004507;27-abr;[2026R4] - MIDNI - QR cortado en capturas desde WEB-ICP;3-Medio;NEG_ICP_PRJ;#N/D;;PRJ-10636 Mi DNI - Proyecto de Adecuación del Tratamiento del DNI;La configuración interna de la cámara de un terminal Xiaomi es diferente a la del resto de terminales de otras marcas, por lo que al intentar capturar con este terminal se recortaba. Dicha incidencia quedó solucionada el martes 28 de abril.;Resuelto;05-may;RL-Error Datos Configuracion/Parametros;SOP_VERIDAS;SI;MESA;JAZZTEL;RL-Error Datos Configuracion/Parametros
INC000004004390;27-abr;[2026R4] - MIDNI – Problema en captura WEB-ICP mediante foto (no APP);3-Medio;NEG_ICP_PRJ;#N/D;;PRJ-10636 Mi DNI - Proyecto de Adecuación del Tratamiento del DNI;El peso de la imagen era superior de lo que le permite E-Contrato para la lectura de la misma. Realizando otra imagen, el proceso funcionaba de forma correcta.;Resuelto;05-may;Cancelado No Aplica;SOP_VERIDAS;SI;MESA;ORANGE;Cancelado No Aplica
INC000004003735;27-abr;[2026R4] - PRJ-10733 No se visualizan los SVAs GEMINI IA en captación;3-Medio;DES_TEIDE;"TEI-15012 [ Fixed /  ] 
";;PRJ-10733 SVA Gemini AI;;Pendiente;14-may;;TyD_PRUEBAS_PROD;SI;MESA;JAZZTEL;
INC000004017533;11-may;[2026R4] - PRJ-10966 - No llega a Oceane toda la información del apartado del caso;3-Medio;TyD_PRUEBAS_PROD;"INTEPS-29927 [ To Do /  ] 
CRMBOP-2617 [ Cancelled / Won't Do ] 
";;PRJ-10966 Escalado Tipificaciones SAC Pyme;;En Análisis;;;TyD_PRUEBAS_PROD;NO;MESA;JAZZTEL;
INC000004011838;05-may;[2026R4]PRJ-10966 No posible mod/completar el formulario del caso (que no se envió a Épsilon).;3-Medio;SOP_CRMB2B;"CRMBOP-2580 [ Cancelled / Won't Do ] 
";;PRJ-10966 Escalado Tipificaciones SAC Pyme;"Resolución: Se ha revisado el caso y hemos visto tripletas incorrectas.
Por favor, si veis una tripleta incorrecta reabrid el ticket indicando cual/es la tripleta incorrecta.

En el campo de departamento vemos que se despliegan diferentes opciones de departamentos para modificar. Si se sigue sin poder cambiar el valor de este campo, por favor, reabrid el ticket con más información del flujo seguido y evidencias para poder estudiar más en profundidad el caso.";Resuelto;06-may;Cancelado No Aplica;NEG_PROVISION_PYME;NO;MESA;ORANGE;Cancelado No Aplica
INC000004015360;08-may;[2026R4] - PRJ-10966 - CRMB2B - Valor campo ID Epsilon;3-Medio;SOP_CRMB2B;"CRMBOP-2604 [ Cancelled / Won't Do ] 
";;PRJ-10966 Escalado Tipificaciones SAC Pyme;;Resuelto;08-may;Cancelado Duplicado;TyD_PRUEBAS_PROD;NO;MESA;ORANGE;Cancelado Duplicado
INC000004015363;08-may;[2026R4] - PRJ-10966 - CRMB2B - Consulta histórico de visitas;3-Medio;SOP_CRMB2B;"CRMBOP-2605 [ Cancelled / Won't Do ] 
";;PRJ-10966 Escalado Tipificaciones SAC Pyme;;Resuelto;11-may;Cancelado No Aplica;TyD_PRUEBAS_PROD;NO;MESA;ORANGE;Cancelado No Aplica
INC000004004542;27-abr;[2026R4] Test Fibra Oro de ALTAIR indica siempre que el CPE está conectado a la fibra;2-Alta;DES_LUNA;"LUNA-31062 [ Cancelled / Won't Do ] 
";;PRJ-10982 Fibra Oro en B2C_Orange;Se ha ocultado el Test Fibra Oro desde Altair por gap funcional en el proyecto;Resuelto;08-may;Cancelado No Aplica;Soporte CCA;SI;MESA;ORANGE;Cancelado No Aplica
INC000004013214;06-may;[2026R4] - PRJ-10982 - Fibra Oro - Bono inicial de 300 GB en lugar de 400 GB;3-Medio;DES_OCS_OSP;#N/D;;PRJ-10982 Fibra Oro en B2C_Orange;En S7, para un cliente Fibra Oro que se acaba de activar aparece el bono de 300GB (asociado al APN de back-up) en lugar del bono de 400GB inicial incluido en la tarifa (asociado al APN de internet);En Análisis;;;USU_UATS_SAC;NO;MESA;ORANGE;
INC000004004998;28-abr;[2026R4] - PRJ-10982 - Fibra Oro - No se muestra contador consumo en FdC;3-Medio;DES_SOE_MICROSERVICIOS;"MICRO-73901 [ Test /  ] 
FRONTRE-45816 [ Cancelled / Won't Do ] 
FRONTRE-45820 [ Cancelled / Won't Do ] 
FDCOSP-2110 [ Cancelled / Won't Do ] 
MICRO-73788 [ Cancelled / Won't Do ] 
FDCOSP-2108 [ Cancelled / Won't Do ] 
";;PRJ-10982 Fibra Oro en B2C_Orange;reu hoy;En Análisis;;;USU_UATS_SAC;SI;MESA;ORANGE;
INC000004016249;11-may;[2026R4] - PRJ-11022 El formato de la hora esta mal;3-Medio;DSI_ANALISIS_BSCS;#N/D;;PRJ-11022 Migración masiva de SIM a eSIM;;En Análisis;;;USU_UATS_SAC;NO;MESA;ORANGE;
INC000004006940;29-abr;[2026R4] - PRJ-11022 No llega el QR y otra del mismo fichero no avanza el estado;3-Medio;SOP_SMC_BSCS_ONLINE;#N/D;;PRJ-11022 Migración masiva de SIM a eSIM;correctivo aplicado;Resuelto;05-may;Resuelto Administrativo;USU_UATS_SAC;SI;MESA;ORANGE;Resuelto Administrativo
INC000004013305;06-may;[2026R4] - PRJ-11022 Error cambio multisim a multisim esim;3-Medio;SOP_SMC_BSCS_ONLINE;#N/D;;PRJ-11022 Migración masiva de SIM a eSIM;"Resolución: En los valores aportados en el excel adjunto, el ICCID 893401313082511222254 no existe en BSCS.
Necesitamos que se detallen los pasos seguidos, los datos introducidos y una captura del error o descripción exacta";Resuelto;07-may;Descripción Insuficiente;USU_UATS_SAC;NO;MESA;ORANGE;Descripción Insuficiente
INC000004015362;08-may;[2026R4] - PRJ-11022 aplicación externa no sale que tienes la SIM reservada.;3-Medio;DSI_ANALISIS_BSCS;#N/D;;PRJ-11022 Migración masiva de SIM a eSIM;;En Análisis;;;USU_UATS_SAC;NO;MESA;ORANGE;
INC000004005994;29-abr;[2026R4] - PRJ-11212 FASE 2 PRJ-10764 No permite cancelar orden de renove;3-Medio;SOP_SMC_TEIDE;#N/D;;PRJ-11212 Fase 2 PRJ-10764 MPV1: Eliminación Web de Comprobantes;"06/05: La orden está cancelada. Necesitamos que nos confirméis que se ha subido la corrección para permitir cancelar las ordenes que van a Turing y se quedan en estado Pendiente.
04/05: cancelamos manualmente el acto comercial. Debe revisar Turing por qué ellos lo tienen cancelado y la comunicación que mandan a TEIDE indicándolo
30/04: Resolución: el mensaje de error es correcto. El acto comercial ha ido a turing y, por lo tanto, este se debe cancelar desde la vista de actos comerciales (nunca desde la orden, ya que si se hace desde ahí se llamada a WdC)";Resuelto;30-abr;Cancelado No Aplica;TyD_PRUEBAS_PROD;SI;MESA;ORANGE;Cancelado No Aplica
INC000004011396;05-may;[2026R4] - PRJ-11212 FASE 2 PRJ-10764 Texto de grabación incompleto;3-Medio;SOP_TURING_OSP;#N/D;;PRJ-11212 Fase 2 PRJ-10764 MPV1: Eliminación Web de Comprobantes;Resolución: Comprobamos que no se genera correctamente puesto que las DPUs cargadas no contienen los datos necesario para la correcta generación del comprobante y el texto;Resuelto;06-may;Cancelado No Aplica;Grupo Cancelacion SMC;NO;MESA;ORANGE;Cancelado No Aplica
INC000004011787;05-may;[2026R4] - PRJ-11212 FASE 2 PRJ-10764 Parámetros incorrectos en el texto de grabación;3-Medio;SOP_TURING_OSP;#N/D;;PRJ-11212 Fase 2 PRJ-10764 MPV1: Eliminación Web de Comprobantes;Resolución: Comprobamos que no se genera correctamente puesto que las DPUs cargadas no contienen los datos necesario para la correcta generación del comprobante y el texto;Resuelto;06-may;Resuelto Administrativo;Grupo Cancelacion SMC;NO;MESA;ORANGE;Resuelto Administrativo
INC000004003922;27-abr;[2026R4] FICHA DE CLIENTE // FOUNDEVER SEVILLA // FUNCIONAL;3-Medio;SOP_TURING_OSP;"MICRO-73739 [ Cancelled / Won't Do ] 
INTEPS-29840 [ Blocked /  ] 
";;PRJ-11212 Fase 2 PRJ-10764 MPV1: Eliminación Web de Comprobantes;Estos ajustes impactan en la lógica de obtención del channel y el código del comprobante, dentro del proceso de generación del informe, lo que está provocando el comportamiento observado en producción.Durante la fase previa a la subida no se llegó a cubrir este flujo específico dentro de las validaciones realizadas en entornos anteriores, por lo que el impacto no fue detectado antes de su despliegue.;Solución Rechazada;07-may;;APL_ING_CALL_CENTER;SI;MESA;ORANGE;
